id;rfq_id;document_path;document_name;upload_date
1;54410;Manager Virginia SSL;Implementation Steel Bedfordshire;2021-03-28
2;90714;RAM Soft;Account Lodge services;2021-03-28
3;32750;XML Kiribati Movies;user-facing Lari;2021-03-29
4;30;withdrawal;Pakistan edge;2021-03-28
5;71498;Branding virtual;hacking;2021-03-28
6;75802;Accountability mobile;Self-enabling;2021-03-28
7;48920;extend;Soft;2021-03-29
8;617;syndicate Avon deposit;Functionality;2021-03-29
9;36974;Lithuanian;Auto;2021-03-29
10;40915;olive needs-based open-source;Bedfordshire hack;2021-03-28
